entry_time,exit_time,entry_price,exit_price,fu,pnl,pnlcomm
2021-01-13 18:51:00,2021-01-13 19:00:00,46744.5054409459,46618.19332433265,LH,4330.7,3434.07
2021-01-15 18:11:00,2021-01-18 13:07:00,44669.37781087109,45580.62950929524,LH,-44173.15,-45039.12
2021-01-19 15:21:00,2021-01-20 13:03:00,45273.871511805926,44894.93516196618,LH,18188.94,17323.32
2021-01-22 14:01:00,2021-01-22 15:00:00,44849.82369174716,45111.470219017465,LH,-13425.17,-14288.8
2021-01-25 13:11:00,2021-01-25 13:14:00,44813.734515571945,45598.67409738285,LH,-37677.1,-38545.06
2021-01-25 18:31:00,2021-01-26 13:02:00,44931.0243381414,45264.84921776212,LH,18188.94,17322.63
2021-01-28 13:21:00,2021-01-29 13:56:00,45860.32062465316,46085.87797574824,LH,-10393.68,-11276.45
2021-02-02 14:51:00,2021-02-02 17:55:00,46690.37167668308,46248.2792685367,LH,-22086.58,-22978.79
2021-02-03 15:21:00,2021-02-05 13:04:00,45932.49897700358,46248.2792685367,LH,-14724.38,-15609.23
2021-02-08 17:51:00,2021-02-18 14:14:00,48133.93872369163,48097.849547516416,LH,-433.07,-1356.64
2021-02-23 13:11:00,2021-02-23 17:42:00,51652.633400775,51381.96457946089,LH,-13425.17,-14414.22
2021-02-24 17:31:00,2021-02-24 18:30:00,52130.81498509658,51941.34681017671,LH,-7795.26,-8794.79
2021-02-25 17:31:00,2021-02-25 18:10:00,52022.54745657094,51787.96781143205,LH,12992.1,11995.18
2021-02-26 18:41:00,2021-03-01 13:02:00,52266.14939575363,52599.97427537436,LH,12559.03,11552.15
2021-03-04 15:11:00,2021-03-05 13:03:00,52112.77039700897,51787.96781143205,LH,-18188.94,-19186.57
2021-03-09 15:01:00,2021-03-09 18:14:00,51345.87540328568,50948.89446535832,LH,18622.01,17639.9
2021-03-10 18:21:00,2021-03-11 18:30:00,50290.26700016067,51354.89769732948,LH,-51535.34,-52511.22
2021-03-16 13:21:00,2021-03-18 18:13:00,51463.16522585512,51246.63016880384,LH,9960.61,8974.69
2021-03-19 13:01:00,2021-03-19 13:02:00,51372.94228541709,51021.07281770875,LH,-5196.84,-6175.06
2021-03-22 17:31:00,2021-03-23 13:15:00,51120.31805219059,50533.86893934336,LH,27716.49,26740.69
2021-03-23 14:11:00,2021-03-24 13:02:00,50795.51546661367,50651.15876191281,LH,6496.05,5522.25
2021-03-25 15:01:00,2021-03-25 19:00:00,50082.75423715319,49721.862475401045,LH,18188.94,17230.47
2021-03-30 18:01:00,2021-03-31 13:03:00,48657.23177823224,48413.62983904954,LH,-11259.82,-12191.79
2021-03-31 18:51:00,2021-04-01 13:17:00,48567.0088377942,49622.61724091921,LH,-50236.13,-51178.84
2021-04-01 18:41:00,2021-04-01 18:59:00,49938.397532452334,50308.311588248274,LH,18188.94,17226.66
2021-04-07 15:11:00,2021-04-08 15:03:00,48386.56295691813,49027.14583402818,LH,-29881.84,-30817.18
2021-04-09 13:01:00,2021-04-09 17:53:00,48576.031131838005,47899.35907855274,LH,-39409.38,-40336.76
2021-04-12 13:11:00,2021-04-13 18:07:00,48982.03436380916,49333.9038315175,LH,-19055.09,-19998.66
2021-04-16 18:21:00,2021-04-19 14:09:00,48530.91966161899,48982.03436380916,LH,-22086.58,-23022.79
2021-04-19 18:01:00,2021-04-20 13:03:00,48882.78912932732,49324.881537473695,LH,20787.37,19844.31
2021-04-21 14:51:00,2021-04-23 13:38:00,48954.96748167775,49748.929357532455,LH,-38110.17,-39057.73
2021-04-23 17:41:00,2021-04-27 13:03:00,49875.24147414571,48954.96748167775,LH,-44173.15,-45122.09
2021-04-28 13:11:00,2021-04-29 18:19:00,49036.16812807199,49171.50253872904,LH,-8228.33,-9170.78
2021-04-30 15:11:00,2021-05-06 13:02:00,49315.85924342989,48702.34324845125,LH,-30314.91,-31255.88
2021-05-06 18:11:00,2021-05-07 17:42:00,48296.3400164801,48449.71901522476,LH,-12125.96,-13054.29
2021-05-11 17:31:00,2021-05-12 13:26:00,45237.78233563071,45833.25374252175,LH,-29015.7,-29890.41
2021-05-12 14:11:00,2021-05-13 13:11:00,45472.3619807696,44885.91286792238,LH,-26850.35,-27717.35
2021-05-13 14:11:00,2021-05-14 14:44:00,45201.6931594555,44579.154870433056,LH,28582.63,27720.64
2021-05-14 17:31:00,2021-05-18 17:39:00,44840.80139770336,44470.887341907415,LH,19055.09,18197.43
2021-05-21 18:01:00,2021-05-24 18:57:00,42982.20882467984,43198.74388173112,LH,10393.68,9566.52
2021-05-27 15:21:00,2021-05-27 18:57:00,41051.43789930589,40419.87731623965,LH,39842.45,38799.73
2021-05-31 14:01:00,2021-06-01 13:52:00,40780.76907799179,40446.94419837106,LH,21364.79,20325.08
2021-06-02 13:21:00,2021-06-02 14:08:00,39878.53967361144,39382.31350120225,LH,32335.9,31321.48
2021-06-09 14:41:00,2021-06-09 14:47:00,35908.7302943379,36549.313171447946,LH,-40419.88,-41347.22
2021-06-09 18:31:00,2021-06-11 15:29:00,36332.77811439666,36035.04241095115,LH,-17900.23,-18826.77
2021-06-16 13:11:00,2021-06-16 13:57:00,34230.583602190454,34726.80977459964,LH,-30026.19,-30908.73
2021-06-22 13:51:00,2021-06-23 17:31:00,30856.245629807945,31758.475034188294,LH,-73621.92,-74623.75
2021-06-24 13:51:00,2021-06-25 13:09:00,32263.72350064129,33346.398785897705,LH,68713.79,67874.1
2021-06-28 15:11:00,2021-06-30 14:02:00,34248.62819027806,34663.65371629302,LH,25984.21,25102.48
2021-07-02 18:51:00,2021-07-05 13:04:00,33562.933842948994,34456.14095328554,LH,-54278.12,-55147.96
2021-07-05 17:51:00,2021-07-07 13:09:00,33752.402017868866,34329.82883667229,LH,35800.46,34929.24
2021-07-07 14:41:00,2021-07-07 17:40:00,34212.53901410285,33454.66631442335,LH,-48503.85,-49370.22
2021-07-09 13:51:00,2021-07-13 15:20:00,34077.20460344579,33463.68860846716,LH,-39265.02,-40129.32
2021-07-14 17:41:00,2021-07-14 18:51:00,32705.81590878766,32913.32867179514,LH,-13280.82,-14121.2
2021-07-20 15:01:00,2021-07-21 17:42:00,34068.182309401986,33770.44660595647,LH,-18477.66,-19345.88
2021-07-26 13:01:00,2021-07-26 13:02:00,33012.57390627698,33202.04208119685,LH,10971.11,10118.71
2021-07-29 18:01:00,2021-07-30 13:08:00,33707.29054764985,33896.75872256972,LH,12125.96,11260.63
2021-08-03 13:31:00,2021-08-05 14:02:00,33032.67077584236,32628.332602428643,LH,25877.64,25037.18
2021-08-06 17:51:00,2021-08-09 13:03:00,32786.55188767749,33120.570378758384,LH,22502.3,21658.91
2021-08-11 14:11:00,2021-08-13 14:33:00,32039.405262891272,31969.08558055845,LH,5063.02,4243.82
2021-08-13 18:31:00,2021-08-16 13:22:00,31872.396017350824,32188.83458784852,LH,-19689.51,-20509.38
2021-08-17 15:11:00,2021-08-18 13:02:00,31775.7064541432,31714.17673210198,LH,2250.23,1437.67
2021-08-19 18:11:00,2021-08-20 13:05:00,30492.372251569228,30896.710424982943,LH,-29534.27,-30517.05
2021-08-20 17:51:00,2021-08-23 13:03:00,31116.459432273008,30720.91121915089,LH,-32347.05,-33336.59
2021-08-24 18:31:00,2021-08-26 13:06:00,29718.855745908204,30070.454157572305,LH,-28831.07,-29787.84
2021-08-26 17:31:00,2021-08-30 13:03:00,30131.983879613523,29595.796301825765,LH,-42895.01,-43850.65
2021-08-31 13:11:00,2021-09-01 13:35:00,29446.366976868525,28839.85971674795,LH,48520.58,47588.0
2021-09-01 14:41:00,2021-09-02 13:55:00,29323.30753278609,28778.32999470673,LH,43598.2,42668.86
2021-09-07 13:11:00,2021-09-07 18:18:00,28303.67213896019,28031.183369920516,LH,21799.1,20898.03
2021-09-10 13:21:00,2021-09-13 15:10:00,26589.62988209769,25947.96278081071,LH,50630.17,49789.99
2021-09-15 13:21:00,2021-09-15 18:12:00,25385.405322148148,25051.38683106725,LH,28127.87,27320.88
2021-09-17 13:41:00,2021-09-22 13:02:00,25411.77520302296,24269.080365114623,LH,-92821.98,-93616.31
2021-09-23 17:51:00,2021-09-23 18:32:00,23908.69199315892,23706.52290645206,LH,20252.07,19338.03
2021-09-24 18:51:00,2021-09-27 13:11:00,24022.961476949757,24471.249451821484,LH,43035.65,42104.56
2021-09-29 15:21:00,2021-09-29 18:02:00,24365.769928322254,24734.94826056956,LH,-35441.12,-36383.85
2021-10-08 13:11:00,2021-10-08 17:38:00,24515.199253279497,25130.496473691677,LH,-59068.53,-60021.73
2021-10-08 18:41:00,2021-10-11 13:02:00,24963.487228151225,25455.72500448097,LH,47254.83,46286.78
2021-10-13 14:01:00,2021-10-13 14:34:00,27275.246784842697,26281.981271891607,LH,-78054.85,-78911.48
2021-10-15 13:11:00,2021-10-15 13:31:00,26123.761986642763,26545.68008063968,LH,-33753.45,-34595.88
2021-10-18 18:51:00,2021-10-19 13:57:00,27688.374918548016,28409.151662459422,LH,56255.75,55357.9
2021-10-19 15:01:00,2021-10-20 13:09:00,28400.361702167826,28954.12920053878,LH,42895.01,41977.62
2021-10-22 13:11:00,2021-10-25 13:02:00,28444.311503625835,30167.14372077993,LH,-139232.97,-140170.47
2021-10-25 18:01:00,2021-10-27 13:15:00,30096.82403844711,30650.591536818072,LH,42895.01,41923.61
2021-10-27 17:51:00,2021-10-27 18:23:00,30553.90197361045,30852.76062352493,LH,22502.3,21519.79
2021-10-28 18:01:00,2021-10-29 15:01:00,30597.85177506845,29841.91518999064,LH,59771.73,58804.83
2021-11-01 15:01:00,2021-11-01 18:15:00,28690.430391790705,28110.29301254494,LH,47817.38,46908.57
2021-11-03 18:31:00,2021-11-03 18:38:00,28655.270550624293,28497.05126537545,LH,-13360.74,-14275.32
2021-11-05 14:41:00,2021-11-08 13:03:00,29085.97860491282,29437.57701657692,LH,29534.27,28597.61
2021-11-09 18:41:00,2021-11-10 13:06:00,28242.14241691897,28549.791027125066,LH,-24611.89,-25520.56
2021-11-11 13:21:00,2021-11-11 13:27:00,28409.151662459422,28215.77253604417,LH,-15470.33,-16376.61
2021-11-12 13:31:00,2021-11-15 13:02:00,28259.72233750218,29182.668168120446,LH,-73835.67,-74754.46
2021-11-16 14:01:00,2021-11-16 14:51:00,29411.207135702112,29068.39868432961,LH,-26721.48,-27656.73
2021-11-18 13:11:00,2021-11-19 13:05:00,28497.05126537545,28751.960113831923,LH,-18986.31,-19902.3
2021-11-22 14:01:00,2021-11-22 14:32:00,28857.439637331157,28497.05126537545,LH,-27424.68,-28342.07
2021-11-22 18:51:00,2021-11-22 19:00:00,28611.320749166283,28461.89142420904,LH,11251.15,10337.84
2021-11-23 17:41:00,2021-11-23 18:01:00,28787.11995499833,28523.421146250257,LH,-20392.71,-21309.82
2021-11-26 13:21:00,2021-11-29 13:02:00,29507.896698909743,28461.89142420904,LH,-83680.42,-84607.94
2021-11-30 13:11:00,2021-12-02 17:33:00,28426.731583042627,28088.97307403821,LH,31694.05,30790.45
2021-12-03 14:41:00,2021-12-06 18:42:00,27930.166159131997,27830.911837315605,LH,7940.35,7047.53
2021-12-08 17:51:00,2021-12-09 14:36:00,27473.5962787766,27771.35924422577,LH,-23821.04,-24704.96
2021-12-10 13:11:00,2021-12-10 13:20:00,27840.83726949724,27652.254058046103,LH,-14292.62,-15180.67
2021-12-13 14:41:00,2021-12-13 15:10:00,28267.63085330772,28416.5123360323,LH,13498.59,12591.32
2021-12-15 13:11:00,2021-12-17 13:24:00,28456.214064758857,28704.34986929983,LH,-19850.86,-20765.43
2021-12-20 13:41:00,2021-12-21 13:02:00,28138.60023494641,27900.389862587075,LH,19850.86,18954.08
2021-12-21 18:21:00,2021-12-22 18:12:00,28237.8545567628,28009.569616585104,LH,-19056.83,-19956.63
2021-12-23 13:11:00,2021-12-23 13:44:00,27989.718752221823,28108.823938401496,LH,-11116.48,-12014.38
2021-12-24 14:11:00,2021-12-27 13:03:00,28863.15678420605,29240.323207108333,LH,26997.18,26067.84
2021-12-27 14:51:00,2021-12-27 18:54:00,29002.112834749,28763.902462389666,LH,-20644.9,-21569.79
2021-12-28 14:01:00,2021-12-28 17:50:00,28763.902462389666,29051.739995657197,LH,-23821.04,-24746.25
2021-12-30 13:41:00,2022-01-04 13:02:00,28873.08221638769,28535.617522211967,LH,25409.11,24490.25
2022-01-04 17:41:00,2022-01-04 18:10:00,28287.481717670995,28237.8545567628,LH,3970.17,3065.77
2022-01-05 18:31:00,2022-01-05 18:43:00,28347.034310760828,28237.8545567628,LH,-10322.45,-11227.81
2022-01-07 13:21:00,2022-01-07 18:32:00,28019.495048766745,27801.135540770687,LH,17468.76,16575.63
2022-01-12 13:01:00,2022-01-12 13:06:00,27126.20615241924,27344.565660415294,LH,12704.55,11832.39
2022-01-14 13:11:00,2022-01-17 13:07:00,27364.41652477857,27662.179490227743,LH,-22232.97,-23113.08
2022-01-18 17:31:00,2022-01-19 13:03:00,27552.999736229714,27682.03035459102,LH,8734.38,7850.94
2022-01-20 13:11:00,2022-01-20 18:24:00,27533.14887186644,27394.19282132349,LH,11910.52,11031.52
2022-01-24 17:41:00,2022-01-25 13:07:00,27007.10096623957,26778.816026061875,LH,18262.8,17402.22
2022-01-25 17:31:00,2022-01-25 18:18:00,26917.772076604822,26858.219483514986,LH,-4764.21,-5624.62
2022-01-28 13:21:00,2022-01-28 15:24:00,26500.903924975984,26739.11429733532,LH,-17468.76,-18320.92
2022-02-07 13:11:00,2022-02-07 13:46:00,26570.381950247454,27285.01306732546,LH,56376.45,55514.93
2022-02-09 13:11:00,2022-02-09 13:50:00,27177.848783739828,27473.964262486737,LH,25169.82,24294.79
2022-02-10 15:11:00,2022-02-11 13:18:00,26955.762174679647,27270.38487084824,LH,-25910.1,-26777.87
2022-02-11 17:41:00,2022-02-11 18:19:00,27242.624044715714,27039.044653077213,LH,-17026.64,-17894.7
2022-02-14 15:01:00,2022-02-14 18:22:00,26983.52300081217,26890.98691370376,LH,7402.89,6540.89
2022-02-17 13:51:00,2022-02-17 14:35:00,26530.096173980965,26742.929174330304,LH,19247.51,18395.29
2022-02-21 13:11:00,2022-02-21 17:42:00,26419.052869450872,26196.96626039069,LH,17026.64,16184.64
2022-02-22 15:11:00,2022-02-23 13:09:00,25706.52499871612,25947.118825197984,LH,-20728.08,-21554.54
2022-02-25 17:51:00,2022-02-25 18:02:00,26363.531217185828,26187.71265167985,LH,-13325.2,-14166.16
2022-02-28 17:41:00,2022-03-01 13:03:00,26382.038434607508,26604.12504366769,LH,17766.93,16919.15
2022-03-01 17:41:00,2022-03-01 18:53:00,26298.75595620994,26021.147694884712,LH,22208.66,21371.54
2022-03-04 13:31:00,2022-03-07 13:03:00,25789.80747711369,25169.815693487344,LH,48859.05,48043.55
2022-03-08 17:51:00,2022-03-09 13:53:00,24670.120823101934,24993.99712798137,LH,-31980.47,-32933.85
2022-03-09 17:41:00,2022-03-10 13:26:00,24771.910518921184,25151.308476065664,LH,34645.51,33686.63
2022-03-15 14:41:00,2022-03-16 15:02:00,23772.520778150363,23457.898081981773,LH,30203.78,29296.95
2022-03-17 15:01:00,2022-03-18 13:03:00,23346.85477745168,23531.9269516685,LH,-18655.28,-19555.53
2022-03-18 14:41:00,2022-03-21 13:08:00,23504.166125535976,23809.535212993727,LH,30203.78,29295.18
2022-03-22 13:31:00,2022-03-23 17:45:00,24050.129039475592,23865.05686525877,LH,-15990.24,-16910.56
2022-03-28 13:01:00,2022-03-28 13:08:00,23513.419734246814,23328.34756003,LH,11548.5,10650.39
2022-03-30 13:21:00,2022-03-31 13:18:00,23957.592952367184,24244.45482240325,LH,27538.74,26613.62
2022-03-31 17:31:00,2022-04-01 13:07:00,24031.621822053912,24392.512561776708,LH,33757.16,32827.6
2022-04-06 14:01:00,2022-04-06 18:41:00,23883.564082680456,23679.984691041955,LH,20431.97,19518.57
2022-04-11 15:11:00,2022-04-12 13:40:00,23161.782603234864,23346.85477745168,LH,-19543.62,-20436.94
2022-04-12 18:51:00,2022-04-14 13:02:00,23411.630038427567,23633.716647487752,LH,21320.31,20416.69
2022-04-19 18:11:00,2022-04-20 13:05:00,25028.144029137115,25443.54890928877,LH,32678.52,31871.08
2022-04-21 13:11:00,2022-04-22 13:17:00,24910.44597976081,24425.806952917217,LH,45196.05,44249.06
2022-04-25 17:31:00,2022-04-27 13:45:00,25498.93622664232,25727.40891072573,LH,18277.81,17458.19
2022-04-27 18:21:00,2022-04-29 17:33:00,25644.3279346954,25644.3279346954,LH,553.87,-266.63
2022-05-10 13:11:00,2022-05-11 13:44:00,26329.74598694563,26606.682573713395,LH,23262.67,22415.47
2022-05-11 17:51:00,2022-05-12 13:14:00,26696.68696441292,26952.853307173107,LH,17723.94,16865.66
2022-05-13 18:51:00,2022-05-16 17:53:00,27236.71330861007,27395.95184600154,LH,13846.83,12972.71
2022-05-18 13:21:00,2022-05-18 14:59:00,26412.82696297596,26052.80940017786,LH,28801.41,27961.95
2022-05-19 14:51:00,2022-05-20 17:41:00,26405.903548306764,26502.831353675483,LH,8861.97,8015.43
2022-05-24 15:11:00,2022-05-24 17:33:00,26378.209889629987,26267.43525492288,LH,8308.1,7465.66
2022-05-25 18:31:00,2022-05-26 13:04:00,26454.36745099112,26232.81818157691,LH,-17723.94,-18566.94
2022-05-26 17:51:00,2022-05-26 18:53:00,26191.277693561744,26004.345497493498,LH,14954.58,14119.45
2022-05-31 18:51:00,2022-06-02 13:25:00,26315.89915760724,26080.50305885464,LH,-17723.94,-18562.06
2022-06-02 14:41:00,2022-06-02 18:41:00,26087.42647352383,26336.66940161482,LH,-17723.94,-18562.51
2022-06-06 14:41:00,2022-06-06 17:37:00,26371.28647496079,26662.06989106695,LH,21601.05,20752.19
2022-06-09 13:01:00,2022-06-10 13:21:00,25893.57086278639,25678.94500804137,LH,14954.58,14129.86
2022-06-10 17:31:00,2022-06-10 17:47:00,25706.638666718147,25845.10696010203,LH,-12185.21,-13010.04
2022-06-13 18:21:00,2022-06-14 18:03:00,26461.29086566032,26800.538184450837,LH,27139.79,26287.6
2022-06-15 14:11:00,2022-06-16 13:43:00,26835.155257796807,26717.457208420503,LH,-8861.97,-9718.92
2022-06-16 14:41:00,2022-06-17 13:22:00,26752.07428176648,26883.619160481165,LH,-11077.46,-11935.75
2022-06-20 18:41:00,2022-06-21 13:02:00,27361.33477265557,27562.1137980622,LH,17723.94,16845.28
2022-06-21 13:51:00,2022-06-21 18:19:00,27326.7176993096,27451.339163355093,LH,-10523.59,-11400.15
2022-06-22 17:41:00,2022-06-22 17:48:00,27472.109407362677,27305.94745530201,LH,-12739.08,-13615.2
2022-06-23 13:11:00,2022-06-24 17:32:00,27091.321600556992,27271.33038195604,LH,-13846.83,-14716.74
2022-06-28 13:01:00,2022-06-28 13:03:00,28593.702583772138,28877.5625852091,LH,5538.73,4615.98
2022-06-29 13:21:00,2022-06-29 15:13:00,28649.08990112569,28351.38307035034,LH,24924.29,24012.51
2022-06-30 15:11:00,2022-07-01 14:48:00,28739.09429182521,29196.039659992035,LH,36555.63,35628.67
2022-07-04 18:41:00,2022-07-06 13:02:00,30816.118692583485,30006.07917628776,LH,-65910.91,-66884.06
2022-07-07 13:11:00,2022-07-07 14:12:00,29694.52551617402,30428.407471108607,LH,-58710.56,-59672.52
2022-07-07 17:51:00,2022-07-07 18:51:00,30262.245519047945,30546.105520484907,LH,26032.04,25059.33
2022-07-11 15:11:00,2022-07-11 18:05:00,30989.20405931334,31390.762110126605,LH,-33232.39,-34230.69
2022-07-18 13:11:00,2022-07-19 13:02:00,29853.764053565486,30047.619664302925,LH,-15508.45,-16466.87
2022-07-19 18:01:00,2022-07-20 13:11:00,29798.37673621193,29493.746490767386,LH,24370.42,23421.75
2022-07-20 15:01:00,2022-07-20 17:35:00,29618.36795481288,29438.35917341383,LH,14954.58,14009.78
2022-07-26 13:21:00,2022-07-27 18:22:00,28081.369898251764,28524.468437080195,LH,-36555.63,-37461.77
2022-07-28 18:51:00,2022-07-29 17:41:00,29099.11185462332,29500.66990543658,LH,32124.64,31187.05
2022-08-01 18:41:00,2022-08-02 13:02:00,28863.71575587071,28834.871861257063,LH,2307.51,1384.33
2022-08-03 13:11:00,2022-08-03 18:57:00,29057.231952725146,28684.451799381604,LH,-29822.41,-30746.28
2022-08-04 15:21:00,2022-08-04 17:37:00,28592.89176171828,28795.631845115644,LH,-15172.81,-16090.81
2022-08-08 13:21:00,2022-08-08 13:57:00,29142.25198769823,28749.85182628398,LH,-30345.61,-31271.89
2022-08-09 15:01:00,2022-08-09 18:56:00,28344.371659489258,28730.23181821327,LH,-31392.01,-32305.31
2022-08-10 14:11:00,2022-08-12 18:48:00,28462.09170791353,28599.43176440852,LH,10987.2,10074.22
2022-08-16 13:01:00,2022-08-16 13:09:00,29083.39196348609,29220.73201998108,LH,4185.6,3251.38
2022-08-19 15:01:00,2022-08-22 13:02:00,29639.29219215628,30005.532342809576,LH,28776.01,27821.8
2022-08-23 13:31:00,2022-08-25 13:16:00,30496.03254457739,30633.372601072377,LH,9940.8,8962.32
2022-08-25 18:11:00,2022-08-25 18:59:00,30862.272695230688,30979.99274365496,LH,9417.6,8428.13
2022-08-31 13:31:00,2022-09-01 13:07:00,30731.47264142594,30456.792528435963,LH,-21974.41,-22953.42
2022-09-01 14:41:00,2022-09-02 14:11:00,30685.69262259428,30201.732423516703,LH,38193.62,37219.73
2022-09-02 18:31:00,2022-09-05 13:02:00,30142.872399304564,30332.53247732145,LH,-12556.81,-13524.52
2022-09-05 14:51:00,2022-09-06 17:33:00,30541.81256340905,30339.072480011688,LH,-15696.01,-16670.0
2022-09-08 17:31:00,2022-09-08 17:36:00,30384.852498843356,30169.03241006552,LH,-18835.21,-19803.76
2022-09-13 13:01:00,2022-09-13 13:02:00,30201.732423516703,30587.59258224071,LH,-8371.2,-9348.33
2022-09-13 15:21:00,2022-09-16 13:19:00,30476.41253650668,30685.69262259428,LH,17788.81,16810.42
2022-09-16 17:31:00,2022-09-19 13:13:00,30652.99260914309,30823.03267908926,LH,14126.41,13142.89
2022-09-21 18:31:00,2022-09-22 13:05:00,29658.91220022699,29822.412267482927,LH,-10987.2,-11939.32
2022-09-22 15:11:00,2022-09-22 18:32:00,29730.852229819604,29501.95213566129,LH,-15696.01,-16644.25
2022-09-23 15:21:00,2022-09-26 13:17:00,29083.39196348609,28690.991802071843,LH,31392.01,30467.62
2022-09-27 13:41:00,2022-09-27 14:15:00,28645.211783240185,28867.571874708254,LH,-18312.01,-19232.32
2022-09-28 13:21:00,2022-09-29 13:02:00,29135.71198500799,29338.452068405357,LH,15172.81,14236.8
2022-10-11 13:21:00,2022-10-12 13:03:00,30953.83273289401,31280.832867405887,LH,26160.01,25164.26
2022-10-12 15:11:00,2022-10-14 13:03:00,31221.97284319375,31653.613020749424,LH,35054.41,34048.51
2022-10-14 18:31:00,2022-10-17 13:02:00,31097.71279207924,30724.9326387357,LH,30345.61,29355.93
2022-10-17 14:41:00,2022-10-18 13:07:00,30979.99274365496,31306.992878166835,LH,-26683.21,-27679.91
2022-10-18 14:41:00,2022-10-18 17:35:00,31235.052848574225,31378.93290775945,LH,9940.8,8938.67
2022-10-20 13:41:00,2022-10-20 18:22:00,30901.512711372117,30528.732558028576,LH,29822.41,28839.53
2022-10-24 15:11:00,2022-10-24 17:52:00,29848.57227824388,29730.852229819604,LH,8894.4,7941.45
2022-10-26 13:11:00,2022-10-26 18:28:00,29678.532208297704,29410.392097997967,LH,-21451.21,-22396.84
2022-10-28 13:01:00,2022-10-28 13:05:00,29259.972036122505,29050.691950034903,LH,8371.2,7439.91
2022-10-31 15:21:00,2022-10-31 17:40:00,29024.531939273955,28730.23181821327,LH,-23544.01,-24468.09
2022-11-01 13:41:00,2022-11-03 13:13:00,28599.43176440852,29024.531939273955,LH,-33484.81,-34406.48
2022-11-04 15:21:00,2022-11-07 14:52:00,29142.25198769823,28893.73188546921,LH,-19881.61,-20810.18
2022-11-08 13:11:00,2022-11-08 13:46:00,28959.13191237158,28632.131777859704,LH,-27729.61,-28650.76
2022-11-09 18:11:00,2022-11-10 13:02:00,27795.01143350931,28063.151543809043,LH,-19881.61,-20775.23
2022-11-10 15:11:00,2022-11-10 17:34:00,27958.51150076525,27755.771417367883,LH,-15172.81,-16064.44
2022-11-14 14:01:00,2022-11-15 13:59:00,28180.87159223332,28435.93169715258,LH,20928.01,20022.24
2022-11-16 17:41:00,2022-11-18 17:35:00,28318.211648728306,27965.05150345548,LH,27729.61,26829.18
2022-11-22 13:41:00,2022-11-22 18:34:00,27454.93129361696,27226.03119945865,LH,19358.41,18483.51
2022-11-24 13:31:00,2022-11-25 13:05:00,26487.01089546181,26742.07100038107,LH,-19881.61,-20733.38
2022-11-25 13:41:00,2022-11-28 13:12:00,26598.190941195848,26820.551032663923,LH,18835.21,17980.72
2022-11-28 17:41:00,2022-11-29 14:35:00,26984.05109991986,26794.39102190297,LH,-15172.81,-16033.26
2022-11-29 17:51:00,2022-12-01 13:15:00,26846.71104342487,27049.451126822238,LH,-14649.61,-15512.05
2022-12-01 17:41:00,2022-12-01 18:59:00,27016.751113371047,27245.65120752936,LH,19358.41,18490.21
2022-12-06 18:31:00,2022-12-07 13:03:00,27422.23128016577,27232.571202148883,LH,14649.61,13774.82
2022-12-09 13:11:00,2022-12-09 14:33:00,25290.19040314835,24976.27027401695,LH,24590.41,23786.25
2022-12-14 13:21:00,2022-12-14 14:38:00,23280.88966157168,22956.95713754497,LH,31097.52,30209.49
2022-12-15 18:31:00,2022-12-16 13:02:00,23471.02396915257,23104.839376774555,LH,-35153.72,-36047.98
2022-12-19 14:01:00,2022-12-20 13:02:00,22203.46191861328,21759.815200924528,LH,41238.02,40394.19
2022-12-22 13:31:00,2022-12-22 17:33:00,22386.55421480229,22872.45300084235,LH,47322.32,46453.48
2022-12-26 13:11:00,2022-12-27 18:56:00,23513.27603750388,23724.53637926043,LH,-20280.99,-21187.96
2022-12-28 17:41:00,2022-12-29 13:02:00,23675.24229951724,23189.34351347717,LH,-46646.28,-47546.08
2022-12-30 14:01:00,2023-01-03 13:02:00,22928.78909197743,21949.949508505422,LH,94644.63,93782.56
2023-01-05 15:11:00,2023-01-06 13:31:00,22358.38616923475,22055.579679383696,LH,-31097.52,-31950.41
2023-01-12 14:11:00,2023-01-16 13:07:00,20964.067913641527,21344.336528803316,LH,-37857.85,-38670.45
2023-01-16 17:31:00,2023-01-17 13:06:00,21309.12647184389,21499.260779424785,LH,18928.93,18106.87
2023-01-17 17:51:00,2023-01-19 13:02:00,21147.160209830537,21295.04244906012,LH,-14196.69,-15011.59
2023-01-19 15:01:00,2023-01-20 13:17:00,21175.328255398075,21541.51284777609,LH,-35153.72,-35973.88
2023-01-20 18:11:00,2023-01-30 13:02:00,21386.588597154623,20611.96734404728,LH,-73687.61,-74494.11
2023-01-31 13:11:00,2023-02-02 13:12:00,20421.833036466385,20562.673264304085,LH,-17351.52,-18269.57
2023-02-03 18:21:00,2023-02-06 13:02:00,19900.724193466896,20041.5644213046,LH,-18928.93,-19824.26
2023-02-06 17:31:00,2023-02-06 18:39:00,20133.1105693991,20330.28688837188,LH,21295.04,20388.82
2023-02-09 13:11:00,2023-02-09 13:28:00,20224.656717493606,20104.94252383156,LH,14196.69,13292.84
2023-02-10 13:11:00,2023-02-10 14:40:00,20204.187994809985,20426.48346174555,LH,26280.26,25369.86
2023-02-14 14:01:00,2023-02-16 13:15:00,20951.347758676737,21148.94372928613,LH,17783.64,16975.07
2023-02-16 18:41:00,2023-02-16 18:58:00,21173.6432256123,21290.965833161623,LH,10077.39,9262.31
2023-02-20 13:21:00,2023-02-22 13:03:00,21426.813062955574,21828.179878255894,LH,37938.43,37108.05
2023-02-22 17:31:00,2023-02-23 13:38:00,21889.92861907133,21735.556767032747,LH,-14819.7,-15657.54
2023-02-24 13:11:00,2023-02-27 13:33:00,21630.58390764651,21494.73667785256,LH,13634.12,12806.0
2023-02-28 13:41:00,2023-03-01 15:13:00,21173.6432256123,21315.6653294878,LH,-14226.91,-15042.59
2023-03-01 18:51:00,2023-03-02 14:34:00,21216.867344183105,21377.41407030323,LH,-16598.06,-17415.87
2023-03-02 18:21:00,2023-03-03 13:02:00,21290.965833161623,21216.867344183105,LH,-7113.45,-7929.37
2023-03-03 17:41:00,2023-03-06 17:39:00,21056.32061806297,20883.42414377976,LH,16598.06,15792.82
2023-03-07 15:11:00,2023-03-08 15:27:00,20722.87741765963,20593.20506194722,LH,13831.72,12906.65
2023-03-10 13:21:00,2023-03-10 14:53:00,20241.237239299247,20000.41715011905,LH,25588.68,24687.27
2023-03-13 17:31:00,2023-03-14 15:03:00,19487.902601350957,19586.700586655646,LH,-9682.2,-10557.47
2023-03-16 13:41:00,2023-03-21 13:03:00,19734.89756461269,19395.279490127803,LH,36654.05,35777.81
2023-03-21 15:21:00,2023-03-21 17:44:00,19444.67848278015,19574.35083849256,LH,-14523.3,-15397.33
2023-03-22 15:21:00,2023-03-22 17:47:00,19697.848320123427,19586.700586655646,LH,-13831.72,-14711.69
2023-03-24 17:31:00,2023-03-27 13:02:00,19444.67848278015,19105.060408295263,LH,35962.47,35098.54
2023-03-27 17:41:00,2023-03-27 18:51:00,19160.63427502915,19074.186037887543,LH,9682.2,8825.74
2023-03-29 18:51:00,2023-03-30 13:26:00,18765.442333810377,18641.94485217951,LH,15214.89,14376.96
2023-03-31 13:11:00,2023-03-31 15:24:00,18734.56796340266,18654.294600342597,LH,-8990.62,-9828.13
2023-04-03 13:11:00,2023-04-03 17:57:00,18821.016200544265,18561.67148911944,LH,28355.02,27517.51
2023-04-04 14:01:00,2023-04-06 13:02:00,18506.097622385558,18333.201148102336,LH,18672.82,17847.76
2023-04-06 13:41:00,2023-04-06 14:42:00,18407.299637080858,18277.627281368448,LH,14523.3,13701.56
2023-04-07 15:11:00,2023-04-10 13:12:00,18456.698629733208,18246.75291096073,LH,-24205.51,-25027.8
2023-04-10 14:51:00,2023-04-12 17:36:00,18283.80215544999,18197.353918308385,LH,10373.79,9556.75
2023-04-12 18:51:00,2023-04-13 13:22:00,18234.403162797644,18110.905681166776,LH,15214.89,14400.75
2023-04-13 15:21:00,2023-04-17 13:07:00,18061.50668851443,18322.213331110004,LH,-29199.14,-30014.14
2023-04-17 18:21:00,2023-04-18 13:02:00,18454.60758389528,18702.12727388514,LH,27077.5,26245.06
2023-04-20 13:11:00,2023-04-20 17:45:00,19059.01612921936,18926.621876434085,LH,-14828.16,-15679.03
2023-04-20 18:31:00,2023-04-21 13:05:00,19059.01612921936,19231.70428502624,LH,-18696.37,-19553.95
2023-04-21 15:01:00,2023-04-21 17:38:00,19156.87275084326,19369.854809671742,LH,23853.99,22990.99
2023-04-26 14:51:00,2023-05-04 13:05:00,18851.790342251104,18517.926574357803,LH,38682.15,37845.32
2023-05-05 15:11:00,2023-05-05 18:27:00,18304.94451552932,18529.439118078262,LH,-25143.4,-25968.49
2023-05-08 13:11:00,2023-05-11 13:22:00,18402.801137153216,18155.281447163357,LH,-27077.5,-27896.53
2023-05-12 18:41:00,2023-05-16 13:07:00,18143.76890344289,18368.26350599184,LH,24498.69,23680.69
2023-05-16 15:01:00,2023-05-17 13:04:00,18310.700787389545,18103.47500042129,LH,-25143.4,-25958.94
2023-05-17 15:21:00,2023-05-18 13:02:00,18057.424825539456,17884.736669732574,LH,19341.07,18535.97
2023-05-19 13:21:00,2023-05-22 13:03:00,17959.568203915558,17712.048513925696,LH,-27722.21,-28521.25
2023-05-23 13:11:00,2023-05-24 13:02:00,17608.435620441567,17804.148863689363,LH,-25788.1,-26695.1
2023-05-26 18:51:00,2023-05-29 13:02:00,18178.30653460427,17965.324475775786,LH,-23853.99,-24663.61
2023-05-29 17:41:00,2023-05-30 13:04:00,17959.568203915558,17781.123776248445,LH,18696.37,17895.78
2023-06-01 14:51:00,2023-06-02 13:47:00,17406.49474808444,17205.73405429419,LH,24308.32,23421.97
2023-06-05 18:31:00,2023-06-06 15:22:00,17227.43791308232,17357.661065811135,LH,-15974.04,-16859.56
2023-06-07 13:21:00,2023-06-07 18:32:00,17531.291936116217,17357.661065811135,LH,-22224.75,-23117.91
2023-06-08 13:21:00,2023-06-08 15:19:00,17417.34667747851,17276.27159535563,LH,18057.61,17169.45
2023-06-12 14:01:00,2023-06-13 13:03:00,17346.80913641707,17547.569830207318,LH,25002.85,24109.69
2023-06-15 13:11:00,2023-06-15 17:45:00,17770.034382785703,17938.23928839375,LH,21530.23,20616.1
2023-06-16 15:11:00,2023-06-16 15:28:00,17954.517182484855,17835.145959150108,LH,-13369.58,-14171.27
2023-06-20 17:41:00,2023-06-21 13:20:00,17238.28984247639,17319.679312931898,LH,-9723.33,-10608.15
2023-06-21 13:41:00,2023-06-26 13:02:00,17259.993701264528,16972.417572321734,LH,-38198.79,-39074.86
2023-06-27 13:01:00,2023-06-27 17:33:00,16798.786702016652,16901.880031260294,LH,-22919.27,-23780.07
2023-06-28 13:11:00,2023-06-28 18:40:00,16880.176172472162,16777.082843228516,LH,-13195.95,-14057.57
2023-06-29 15:01:00,2023-06-30 14:33:00,16896.454066563263,16815.064596107753,LH,-10417.85,-11280.87
2023-07-03 13:11:00,2023-07-04 13:02:00,17080.93686626241,17259.993701264528,LH,-22919.27,-23798.4
2023-07-04 14:01:00,2023-07-05 14:47:00,17189.456160203088,17032.103183989107,LH,-20835.7,-21711.64
2023-07-06 17:41:00,2023-07-07 18:59:00,16983.269501715804,16918.157925351396,LH,8334.28,7466.41
2023-07-13 13:21:00,2023-07-13 14:45:00,16424.39513792132,16261.616197010306,LH,20835.7,19999.22
2023-07-18 15:21:00,2023-07-18 18:50:00,16424.39513792132,16489.506714285726,LH,7639.76,6797.3
2023-07-19 17:41:00,2023-07-20 17:33:00,16500.358643679792,16706.54530216708,LH,-25697.37,-26547.6
2023-07-20 18:41:00,2023-07-21 13:18:00,16636.00776110564,16549.1923259531,LH,-11112.38,-11961.92
2023-07-24 13:11:00,2023-07-25 15:02:00,17048.38107808021,17287.123524749695,LH,-30559.03,-31438.3
2023-08-01 13:11:00,2023-08-03 13:28:00,18464.55786400603,18636.344533593277,LH,19240.11,18409.05
2023-08-07 13:11:00,2023-08-07 14:54:00,18540.06031958504,18839.61120761065,LH,33549.7,32712.39
2023-08-08 15:11:00,2023-08-08 18:40:00,18882.40419161431,18754.025239603336,LH,-13779.34,-14622.52
2023-08-09 18:51:00,2023-08-10 13:02:00,18737.977870601964,18545.4094425855,LH,22166.77,21331.5
2023-08-14 15:01:00,2023-08-15 14:08:00,18449.125228577268,18411.681367574067,LH,-3594.61,-4420.41
2023-08-16 14:41:00,2023-08-16 15:08:00,18497.267335581382,18363.539260569956,LH,-14977.54,-15803.23
2023-08-17 13:11:00,2023-08-17 14:45:00,18347.49189156858,18138.876094550746,LH,23964.07,23146.66
2023-08-22 18:11:00,2023-08-23 17:54:00,18138.876094550746,18326.09539956675,LH,-20968.56,-21785.14
2023-08-24 15:11:00,2023-08-25 13:05:00,18427.72873657544,18625.64628759236,LH,22166.77,21336.53
2023-08-25 18:21:00,2023-08-28 13:03:00,18561.45681158687,18304.69890756492,LH,-28157.78,-28983.47
2023-08-28 18:41:00,2023-08-29 13:55:00,18154.92346355212,18047.94100354297,LH,11982.04,11171.09
2023-08-30 14:41:00,2023-09-01 13:31:00,18063.988372544343,18144.225217551204,LH,8387.42,7576.24
2023-09-01 15:01:00,2023-09-01 17:49:00,18085.384864546173,17989.10065053794,LH,-10783.83,-11591.9
2023-09-04 17:31:00,2023-09-05 13:17:00,17946.30766653428,18085.384864546173,LH,-13779.34,-14586.33
2023-09-05 14:11:00,2023-09-07 14:14:00,17951.65678953474,17839.325206525136,LH,-12581.14,-13383.09
2023-09-11 13:11:00,2023-09-11 14:33:00,17721.644500515074,17887.46731352925,LH,-21910.01,-22821.46
2023-09-12 18:51:00,2023-09-13 14:06:00,18203.06557055623,18074.686618545256,LH,-14378.44,-15191.06
2023-09-13 18:41:00,2023-09-14 13:03:00,18096.08311054709,18203.06557055623,LH,-11982.04,-12795.14
2023-09-14 14:01:00,2023-09-15 13:02:00,18187.01820155486,18288.65153856355,LH,12581.14,11763.84
2023-09-15 17:41:00,2023-09-18 13:02:00,18336.793645567664,17957.005912535198,LH,-43135.33,-43948.43
2023-09-19 13:11:00,2023-09-20 14:38:00,17914.21292853154,18058.639249543885,LH,-15576.65,-16382.32
2023-09-21 13:41:00,2023-09-21 17:58:00,18101.432233547544,17940.958543533823,LH,-17973.05,-18780.16
2023-09-22 14:41:00,2023-09-25 13:02:00,17935.60942053337,18122.82872554937,LH,-20968.56,-21776.27
2023-09-25 14:11:00,2023-09-26 13:23:00,18005.148019539312,17796.532222521477,LH,-23364.97,-24167.17
2023-09-26 18:21:00,2023-09-27 13:07:00,17753.739238517817,17710.94625451416,LH,5477.5,4569.88
2023-09-28 14:11:00,2023-10-09 13:02:00,17726.993623515533,17213.47781547163,LH,-65730.02,-66624.5
2023-10-10 14:01:00,2023-10-10 17:33:00,17042.980746281926,16817.517381027446,LH,29515.2,28648.51
2023-10-11 18:41:00,2023-10-12 15:12:00,16971.242402791864,17083.974085419104,LH,13117.87,12245.79
2023-10-16 15:01:00,2023-10-18 13:04:00,17160.836596301313,17237.699107183522,LH,9182.51,8301.77
2023-10-18 14:01:00,2023-10-18 14:44:00,17191.581600654197,17160.836596301313,LH,-3935.36,-4814.78
2023-10-19 14:41:00,2023-10-19 17:34:00,17022.484076713336,16925.12489626254,LH,13117.87,12248.94
2023-10-25 14:11:00,2023-10-25 17:32:00,16581.80568098867,16264.107302675537,LH,40009.5,39168.51
2023-10-26 18:11:00,2023-10-27 18:53:00,16387.08732008707,16469.07399836143,LH,10494.29,9653.18
2023-10-31 13:51:00,2023-11-06 13:19:00,16586.929848380816,16407.58398965566,LH,-23612.16,-24456.69
2023-11-08 15:21:00,2023-11-09 13:19:00,16059.140606989644,15961.781426538846,LH,13773.76,12954.03
2023-11-09 17:51:00,2023-11-09 18:27:00,15869.546413480191,15951.53309175455,LH,-10494.29,-11308.91
2023-11-10 17:51:00,2023-11-13 13:02:00,15966.905593930993,16095.009778734677,LH,16397.34,15576.55
2023-11-16 17:31:00,2023-11-17 13:03:00,16182.12062440118,16059.140606989644,LH,16397.34,15572.09
2023-11-17 15:11:00,2023-11-20 13:02:00,16059.140606989644,16243.610633106948,LH,-24268.06,-25095.4
2023-11-20 18:31:00,2023-11-22 13:18:00,16238.4864657148,16084.76144395038,LH,-19676.8,-20504.28
2023-11-22 14:11:00,2023-11-22 18:00:00,16207.741461361917,16018.147267852466,LH,23612.16,22787.31
2023-11-28 14:11:00,2023-11-28 17:35:00,15065.052132913068,15177.783815540308,LH,-16233.36,-17104.06
2023-12-04 13:11:00,2023-12-04 17:34:00,14737.382401836838,14556.097668963304,LH,26872.8,26029.3
2023-12-05 17:51:00,2023-12-05 18:56:00,14310.830089193223,14230.851530572549,LH,12284.71,11462.55
2023-12-07 13:11:00,2023-12-08 13:04:00,14598.752900227664,14694.727170572476,LH,15355.88,14512.54
2023-12-11 13:11:00,2023-12-12 14:03:00,15195.926137928722,15291.900408273536,LH,13052.5,12174.6
2023-12-13 13:01:00,2023-12-14 14:32:00,15611.814642756246,15281.236600457443,LH,-26105.0,-26990.42
2023-12-14 15:01:00,2023-12-14 17:34:00,15366.547062986168,15259.908984825264,LH,13052.5,12170.61
2023-12-18 14:01:00,2023-12-19 13:34:00,15243.913273101129,15137.275194940226,LH,16123.68,15248.85
2023-12-20 13:31:00,2023-12-20 18:10:00,14897.339519078194,15046.632828503458,LH,-21498.24,-22360.62
2023-12-22 15:11:00,2023-12-22 15:20:00,14955.99046206669,15121.27948321609,LH,-22266.03,-23131.95
2023-12-25 18:21:00,2023-12-26 13:03:00,15019.973308963232,15105.283771491955,LH,13820.29,12952.38
2023-12-27 18:11:00,2023-12-28 13:03:00,14876.011903446011,14769.373825285107,LH,16891.47,16037.68
2024-01-02 18:51:00,2024-01-05 13:22:00,14726.718594020747,14582.757188503529,LH,-19962.65,-20806.61
2024-01-08 13:31:00,2024-01-08 14:07:00,14508.110533790896,14396.140551721948,LH,15355.88,14523.29
2024-01-09 17:41:00,2024-01-10 13:02:00,14492.11482206676,14348.15341654954,LH,-20730.44,-21560.74
2024-01-10 17:41:00,2024-01-12 15:12:00,14364.149128273675,14438.795782986308,LH,-11516.91,-12346.28
2024-01-16 13:21:00,2024-01-17 14:59:00,14726.718594020747,14593.42099631962,LH,-19194.85,-20039.27
2024-01-17 17:51:00,2024-01-17 18:51:00,14625.41241976789,14556.097668963304,LH,10749.12,9908.84
2024-01-22 18:31:00,2024-01-23 13:31:00,14790.70144091729,14662.735747124209,LH,-16891.47,-17739.73
2024-01-23 17:41:00,2024-01-24 13:04:00,14678.731458848342,14780.0376331012,LH,-15355.88,-16204.45
2024-01-24 15:01:00,2024-01-24 18:12:00,14780.0376331012,14854.684287813832,LH,11516.91,10663.59
2024-01-29 15:01:00,2024-01-30 13:07:00,15046.632828503458,14982.649981606915,LH,-8445.74,-9310.73
2024-01-31 13:11:00,2024-01-31 18:52:00,14892.007615170149,14801.36524873338,LH,12284.71,11429.69
2024-02-05 13:11:00,2024-02-05 13:42:00,14492.11482206676,14465.455302526534,LH,3838.97,3004.99
2024-02-06 13:51:00,2024-02-06 18:52:00,14481.45101425067,14524.106245515031,LH,6142.35,5306.99
2024-02-19 13:31:00,2024-02-20 13:17:00,14425.25683860038,14569.459681868011,LH,-21481.25,-22316.16
2024-02-21 15:21:00,2024-02-22 18:22:00,14295.971530843188,14380.504232069045,LH,-10024.58,-10850.61
2024-02-26 13:41:00,2024-02-27 13:50:00,14594.322241052088,14728.580060646094,LH,20765.21,19920.71
2024-02-27 15:01:00,2024-02-28 13:08:00,14644.04735942024,14778.305179014244,LH,18617.08,17769.58
2024-02-29 14:01:00,2024-03-01 13:20:00,14663.9374067675,14579.404705541643,LH,11456.67,10614.6
2024-03-01 17:41:00,2024-03-01 18:30:00,14589.349729215272,14678.854942277943,LH,-12172.71,-13015.78
2024-03-04 13:41:00,2024-03-06 13:04:00,14649.019871257056,14733.55257248291,LH,12172.71,11326.78
2024-03-07 13:51:00,2024-03-08 14:10:00,14942.39806962914,15086.600912896776,LH,21481.25,20616.27
2024-03-08 18:21:00,2024-03-11 13:03:00,15036.875794528623,15156.216078612186,LH,17185.0,16315.44
2024-03-12 14:51:00,2024-03-13 15:17:00,15151.24356677537,15031.90328269181,LH,-16468.96,-17338.09
2024-03-13 18:11:00,2024-03-14 17:44:00,15066.710865549516,14982.17816432366,LH,12172.71,11307.3
2024-03-19 14:41:00,2024-03-20 13:07:00,15404.841670452935,15549.044513720572,LH,22197.29,21305.82
2024-03-21 18:41:00,2024-03-21 18:45:00,15723.082428009098,15573.907072904649,LH,-19094.45,-19895.65
2024-03-22 15:01:00,2024-03-25 13:03:00,15479.429348005162,15638.549726783243,LH,-22913.33,-23809.82
2024-03-26 14:41:00,2024-03-27 13:01:00,15608.714655762353,15479.429348005162,LH,-20049.17,-20944.22
2024-03-27 18:31:00,2024-03-28 13:11:00,15305.391433716635,15181.07863779626,LH,18617.08,17738.93
2024-03-29 17:41:00,2024-03-29 18:09:00,15176.106125959446,15076.655889223146,LH,-12888.75,-13760.03
2024-04-01 13:11:00,2024-04-02 13:09:00,15101.518448407222,14922.50802228188,LH,25777.5,24913.1
2024-04-02 14:11:00,2024-04-03 15:22:00,15036.875794528623,14952.34309330277,LH,11456.67,10593.12
2024-04-09 15:21:00,2024-04-09 17:31:00,15054.177690223118,15181.581323419108,LH,-18346.12,-19216.91
2024-04-10 14:11:00,2024-04-11 13:15:00,15198.020501896011,15041.84830636544,LH,-21896.99,-22767.78
2024-04-11 18:01:00,2024-04-11 18:43:00,14984.311181696285,14914.44467316945,LH,9468.97,8608.0
2024-04-17 15:21:00,2024-04-18 14:40:00,14565.11213053528,14770.601861496556,LH,-30182.33,-31027.32
2024-04-18 18:41:00,2024-04-19 18:48:00,14745.943093781205,14889.785905454097,LH,21305.18,20451.55
2024-04-22 15:11:00,2024-04-22 15:26:00,14947.323030123254,14865.127137738742,LH,-11836.21,-12694.81
2024-04-23 14:01:00,2024-04-23 15:09:00,14877.45652159642,14721.28432606585,LH,22488.8,21636.59
2024-04-26 13:21:00,2024-04-26 18:11:00,14437.708497339288,14577.441514392956,LH,-20121.55,-20957.19
2024-04-29 13:11:00,2024-05-07 13:15:00,14326.7440426202,14610.31987134676,LH,39651.3,38817.67
2024-05-07 15:01:00,2024-05-08 13:02:00,14577.441514392956,14515.794595104571,LH,-8877.16,-9715.04
2024-05-10 17:31:00,2024-05-10 17:48:00,14536.3435682007,14758.27247763888,LH,-30182.33,-31026.37
2024-05-13 14:41:00,2024-05-13 17:39:00,14856.907548500292,14976.091592457831,LH,15978.88,15119.45
2024-05-15 15:11:00,2024-05-15 17:46:00,14898.005494692548,14758.27247763888,LH,20121.55,19267.45
2024-05-20 13:01:00,2024-05-20 13:12:00,15004.860154792412,14955.542619361704,LH,-7101.73,-7964.35
2024-05-22 14:51:00,2024-05-22 17:38:00,15070.61686870002,15181.581323419108,LH,15978.88,15107.62
2024-05-24 13:11:00,2024-05-27 13:04:00,14959.65241398093,15099.385431034598,LH,-20121.55,-20987.49
2024-05-28 17:41:00,2024-05-28 18:20:00,14939.103440884805,14713.0647368274,LH,-32549.57,-33403.32
2024-05-29 13:51:00,2024-05-29 17:34:00,14766.49206687733,14667.856996015917,LH,14795.26,13947.43
2024-05-31 18:31:00,2024-06-03 13:02:00,14758.27247763888,14951.432824742478,LH,28998.71,28142.83
2024-06-04 18:11:00,2024-06-05 13:58:00,14992.530770934734,14889.785905454097,LH,13611.64,12751.03
2024-06-07 14:01:00,2024-06-07 18:19:00,14951.432824742478,14766.49206687733,LH,-26631.47,-27487.11
2024-06-12 14:51:00,2024-06-13 13:06:00,15070.61686870002,14889.785905454097,LH,-25447.85,-26310.83
2024-06-14 17:31:00,2024-06-17 13:24:00,14671.966790635142,14569.221925154505,LH,15387.07,14545.04
2024-06-17 15:11:00,2024-06-17 18:00:00,14585.661103631406,14515.794595104571,LH,10060.78,9222.66
2024-06-20 13:11:00,2024-06-20 14:46:00,14454.14767581619,14519.9043897238,LH,10060.78,9226.21
2024-06-21 13:31:00,2024-06-24 13:02:00,14458.257470435416,14162.352257851177,LH,42610.35,41786.08
2024-06-25 15:01:00,2024-06-25 15:27:00,14334.963631858647,14265.097123331816,LH,-10060.78,-10884.46
2024-06-26 13:21:00,2024-06-26 17:32:00,14207.559998662658,14302.085274904844,LH,-12428.02,-13249.1
2024-06-27 18:51:00,2024-06-28 13:49:00,14474.696648912315,14524.014184343025,LH,6509.91,5674.87
2024-06-28 18:41:00,2024-07-01 13:02:00,14487.026032769994,14462.36726505464,LH,3550.86,2717.12
2024-07-02 18:11:00,2024-07-03 13:19:00,14622.649255204436,14569.221925154505,LH,-7101.73,-7942.57
2024-07-03 15:21:00,2024-07-03 17:39:00,14585.661103631406,14647.30802291979,LH,-9468.97,-10310.99
2024-07-04 14:51:00,2024-07-05 13:05:00,14700.73535296972,14651.417817539015,LH,-7693.54,-8539.0
2024-07-05 17:41:00,2024-07-08 13:02:00,14655.52761215824,14799.370423831137,LH,-20121.55,-20969.97
2024-07-08 15:11:00,2024-07-08 17:42:00,14819.919396927262,14754.162683019653,LH,-8877.16,-9728.77
2024-07-10 13:11:00,2024-07-10 15:26:00,14729.5039153043,14610.31987134676,LH,-17162.5,-18007.49
2024-07-11 14:11:00,2024-07-11 17:33:00,14495.245622008446,14622.649255204436,LH,-17162.5,-18001.1
2024-07-12 13:31:00,2024-07-15 13:02:00,14634.978639062114,14976.091592457831,LH,50303.89,49451.32
2024-07-16 14:41:00,2024-07-18 14:44:00,14967.87200321938,15062.397279461567,LH,13019.83,12155.08
2024-07-18 18:31:00,2024-07-22 13:27:00,15054.177690223118,15152.81276108453,LH,13611.64,12741.8
2024-07-23 14:41:00,2024-07-26 13:03:00,15300.765367376647,15218.56947499214,LH,-12428.02,-13307.09
2024-07-29 13:01:00,2024-07-29 13:36:00,15050.067895603892,15143.67872220929,LH,-7352.7,-8223.51
2024-07-30 17:31:00,2024-07-30 17:45:00,15364.940676003862,15275.584886971435,LH,-14092.68,-14975.38
2024-08-01 17:31:00,2024-08-02 13:03:00,15241.544586387658,15194.73917308496,LH,6127.25,5250.81
2024-08-05 15:21:00,2024-08-06 14:10:00,15509.611953484928,15377.705788722778,LH,-18994.49,-19884.04
2024-08-07 13:41:00,2024-08-07 17:39:00,15271.329849398466,15411.74608930656,LH,-19607.21,-20490.76
2024-08-08 17:51:00,2024-08-09 13:14:00,15552.162329214654,15658.538268538969,LH,15318.14,14419.51
2024-08-12 17:41:00,2024-08-13 15:29:00,15820.229696311924,15743.639019998418,LH,-9803.61,-10611.64
2024-08-15 14:11:00,2024-08-16 13:53:00,15973.411048938937,15798.95450844706,LH,-22330.44,-23143.59
2024-08-16 14:41:00,2024-08-19 13:02:00,15884.055259906512,15594.71270494438,LH,37580.49,36774.74
2024-08-20 18:51:00,2024-08-21 13:12:00,15667.048343684912,15543.652254068707,LH,15250.05,14451.17
2024-08-23 13:11:00,2024-08-23 17:57:00,15454.296465036285,15296.8600748363,LH,-22058.11,-22943.63
2024-08-26 13:11:00,2024-08-26 14:51:00,15343.665488139,15173.463985220096,LH,23896.29,23017.52
2024-08-27 17:51:00,2024-08-28 13:03:00,15186.229097939016,15267.074811825492,LH,-11641.78,-12518.84
2024-08-29 14:11:00,2024-08-30 13:03:00,15424.511202025476,15530.88714134979,LH,15318.14,14426.62
2024-09-02 17:31:00,2024-09-03 13:28:00,15467.061577755205,15535.142178922762,LH,-10416.33,-11309.07
2024-09-04 13:31:00,2024-09-04 13:43:00,15658.538268538969,15718.108794560583,LH,6535.74,5732.5
2024-09-05 15:21:00,2024-09-05 15:30:00,15679.81345640383,15581.94759222546,LH,-13071.48,-13871.67
2024-09-06 13:11:00,2024-09-06 14:32:00,15667.048343684912,15692.578569122748,LH,-2178.58,-2981.39
2024-09-10 13:01:00,2024-09-10 13:56:00,15318.135262701164,15220.269398522794,LH,14092.68,13213.18
2024-09-10 18:11:00,2024-09-11 13:13:00,15288.349999690356,15186.229097939016,LH,15318.14,14440.59
2024-09-18 13:11:00,2024-09-18 15:10:00,15041.557820457949,14947.946993852553,LH,-14705.41,-15569.11
2024-09-18 18:51:00,2024-09-19 14:50:00,14947.946993852553,15037.302782884975,LH,-12867.23,-13730.81
2024-09-20 13:11:00,2024-09-20 17:59:00,15067.088045895784,15135.168647063345,LH,9190.88,8320.93
2024-09-24 13:11:00,2024-09-24 14:54:00,14786.255566079595,14633.074213452584,LH,22058.11,21210.84
2024-09-26 17:31:00,2024-09-27 17:41:00,14322.456470625588,14433.087447522874,LH,-14705.41,-15533.57
2024-10-08 13:21:00,2024-10-09 17:35:00,14486.300116963852,14622.963325614452,LH,19023.52,18185.04
2024-10-10 13:31:00,2024-10-10 17:59:00,14545.520840712445,14335.970587448188,LH,-30831.22,-31663.14
2024-10-14 15:11:00,2024-10-15 15:17:00,13944.202722649796,14048.977849281924,LH,-15087.62,-15893.56
2024-10-15 17:41:00,2024-10-16 18:11:00,13998.868006110037,13903.203760054614,LH,-14431.63,-15235.08
2024-10-17 13:11:00,2024-10-17 13:37:00,13957.869043514856,13798.428633422483,LH,23615.4,22815.89
2024-10-17 18:21:00,2024-10-18 13:22:00,13784.762312557426,13698.20894707871,LH,14577.41,13698.1
2024-10-18 18:51:00,2024-10-21 13:03:00,13798.428633422483,13866.760237747789,LH,12390.8,11505.22
2024-10-23 13:51:00,2024-10-23 17:33:00,13916.870080919674,14076.310491012044,LH,23615.4,22809.07
2024-10-24 13:21:00,2024-10-24 13:52:00,13994.312565821683,14058.088729858631,LH,9839.75,9031.97
2024-10-28 18:31:00,2024-10-30 13:12:00,13839.427596017667,13907.759200342967,LH,-11661.93,-12549.69
2024-10-30 17:31:00,2024-10-31 13:05:00,13857.64935717108,13944.202722649796,LH,14577.41,13687.9
2024-11-01 13:21:00,2024-11-01 14:07:00,13839.427596017667,13780.206872269073,LH,10933.06,10049.23
2024-11-04 15:01:00,2024-11-06 13:02:00,14076.310491012044,13921.425521208028,LH,-22303.44,-23109.77
2024-11-06 15:01:00,2024-11-07 13:36:00,13957.869043514856,14048.977849281924,LH,-12463.68,-13270.41
2024-11-07 17:51:00,2024-11-07 18:58:00,14094.532252165458,14167.419296779111,LH,10495.73,9682.05
2024-11-11 13:01:00,2024-11-11 13:03:00,14030.75608812851,13944.202722649796,LH,5903.85,5099.48
2024-11-12 13:11:00,2024-11-12 13:28:00,14089.976811877104,14167.419296779111,LH,11151.72,10338.17
2024-11-15 17:31:00,2024-11-18 13:09:00,13898.64831976626,13802.98407371084,LH,13119.67,12321.73
2024-11-19 15:11:00,2024-11-19 17:49:00,13953.3136032265,14039.866968705215,LH,12463.68,11657.48
2024-11-21 18:51:00,2024-11-22 13:54:00,14130.975774472285,14199.307378797586,LH,-9839.75,-10655.66
2024-11-22 14:51:00,2024-11-25 13:03:00,14135.531214760638,14244.86178168112,LH,16399.59,15581.84
2024-11-27 13:21:00,2024-11-28 13:26:00,13925.98096149638,13843.98303630602,LH,12463.68,11664.04
2024-11-28 14:41:00,2024-11-29 14:51:00,13857.64935717108,13725.541588808832,LH,20408.37,19525.56
2024-12-03 18:11:00,2024-12-04 13:11:00,13406.660768624091,13452.215171507629,LH,-7288.7,-8148.48
2024-12-04 14:11:00,2024-12-05 13:05:00,13443.10429093092,13370.217246317265,LH,-12390.8,-13248.97
2024-12-05 14:11:00,2024-12-06 15:22:00,13379.328126893972,13429.43797006586,LH,-8017.57,-8875.46
2024-12-09 15:11:00,2024-12-10 15:15:00,13260.084388185654,13185.055619486,LH,11204.3,10357.89
2024-12-12 18:21:00,2024-12-13 13:03:00,13060.007671653242,12979.976985040275,LH,13605.22,12772.1
2024-12-13 18:11:00,2024-12-16 13:03:00,13105.024932873035,13040.0,LH,-10403.99,-11240.63
2024-12-17 13:11:00,2024-12-17 15:20:00,12964.971231300346,12884.94054468738,LH,12804.91,11978.03
2024-12-17 18:21:00,2024-12-18 13:05:00,12879.93862677407,12859.93095512083,LH,4001.53,3178.02
2024-12-19 18:31:00,2024-12-20 13:03:00,12599.831223628693,12569.819716148832,LH,2400.92,1595.33
2024-12-23 13:31:00,2024-12-23 14:39:00,12659.854238588416,12759.892596854625,LH,17606.75,16793.32
2024-12-27 13:01:00,2024-12-27 13:08:00,12714.87533563483,12759.892596854625,LH,-4801.84,-5617.83
2024-12-30 15:21:00,2024-12-30 18:22:00,12824.917529727658,12794.906022247796,LH,-5602.15,-6421.82
2025-01-03 13:11:00,2025-01-03 14:10:00,13009.98849252014,12914.952052167242,LH,-16006.14,-16835.58
2025-01-03 17:51:00,2025-01-06 13:03:00,12969.973149213656,13150.042194092828,LH,-28811.05,-29647.21
2025-01-06 14:41:00,2025-01-07 13:03:00,13050.00383582662,12889.942462600691,LH,-26410.13,-27240.04
2025-01-08 13:31:00,2025-01-08 14:11:00,12819.915611814347,12879.93862677407,LH,-10403.99,-11226.22
2025-01-09 13:21:00,2025-01-09 14:55:00,12859.93095512083,12769.896432681244,LH,-14405.52,-15225.68
2025-01-10 13:11:00,2025-01-13 13:03:00,12744.886843114691,12809.911775987726,LH,-11204.3,-12022.21
2025-01-17 15:21:00,2025-01-20 13:02:00,13004.986574606828,12909.950134253932,LH,-14405.52,-15234.64
2025-01-20 17:51:00,2025-01-21 13:09:00,12839.923283467588,12929.957805907174,LH,-13605.22,-14429.69
2025-01-21 14:41:00,2025-01-23 15:15:00,12919.953970080553,12984.978902953588,LH,9603.68,8774.56
2025-01-27 14:51:00,2025-02-05 13:02:00,12989.980820866898,13110.0,LH,19203.07,18367.87
2025-02-06 13:11:00,2025-02-06 17:34:00,13235.0,13180.0,LH,-9600.0,-10445.44
2025-02-07 14:11:00,2025-02-10 13:04:00,13155.0,13075.0,LH,12800.0,11960.64
2025-02-11 13:11:00,2025-02-11 14:35:00,12985.0,12925.0,LH,10400.0,9571.04
